participant_id,video_id
P01,P01_01
P01,P01_02
P01,P01_03
P01,P01_04
P01,P01_05
P01,P01_06
P01,P01_07
P01,P01_08
P01,P01_09
P01,P01_10
P01,P01_16
P01,P01_17
P01,P01_18
P01,P01_19
P02,P02_01
P02,P02_02
P02,P02_03
P02,P02_04
P02,P02_05
P02,P02_06
P02,P02_07
P02,P02_08
P02,P02_09
P02,P02_10
P02,P02_11
P03,P03_02
P03,P03_03
P03,P03_04
P03,P03_05
P03,P03_06
P03,P03_07
P03,P03_08
P03,P03_09
P03,P03_10
P03,P03_11
P03,P03_12
P03,P03_13
P03,P03_14
P03,P03_15
P03,P03_16
P03,P03_17
P03,P03_18
P03,P03_19
P03,P03_20
P03,P03_27
P03,P03_28
P04,P04_01
P04,P04_02
P04,P04_03
P04,P04_04
P04,P04_05
P04,P04_06
P04,P04_07
P04,P04_08
P04,P04_09
P04,P04_10
P04,P04_11
P04,P04_12
P04,P04_13
P04,P04_14
P04,P04_15
P04,P04_16
P04,P04_17
P04,P04_18
P04,P04_19
P04,P04_20
P04,P04_21
P04,P04_22
P04,P04_23
P05,P05_01
P05,P05_02
P05,P05_03
P05,P05_04
P05,P05_05
P05,P05_06
P05,P05_08
P06,P06_01
P06,P06_02
P06,P06_03
P06,P06_05
P06,P06_07
P06,P06_08
P06,P06_09
P07,P07_01
P07,P07_02
P07,P07_03
P07,P07_04
P07,P07_05
P07,P07_06
P07,P07_07
P07,P07_08
P07,P07_09
P07,P07_10
P07,P07_11
P08,P08_01
P08,P08_02
P08,P08_03
P08,P08_04
P08,P08_05
P08,P08_06
P08,P08_07
P08,P08_08
P08,P08_11
P08,P08_12
P08,P08_13
P08,P08_18
P08,P08_19
P08,P08_20
P08,P08_21
P08,P08_22
P08,P08_23
P08,P08_24
P08,P08_25
P08,P08_26
P08,P08_27
P08,P08_28
P10,P10_01
P10,P10_02
P10,P10_04
P12,P12_01
P12,P12_02
P12,P12_04
P12,P12_05
P12,P12_06
P12,P12_07
P13,P13_04
P13,P13_05
P13,P13_06
P13,P13_07
P13,P13_08
P13,P13_09
P13,P13_10
P14,P14_01
P14,P14_02
P14,P14_03
P14,P14_04
P14,P14_05
P14,P14_07
P14,P14_09
P15,P15_01
P15,P15_02
P15,P15_03
P15,P15_07
P15,P15_08
P15,P15_09
P15,P15_10
P15,P15_11
P15,P15_12
P15,P15_13
P16,P16_01
P16,P16_02
P16,P16_03
P17,P17_01
P17,P17_03
P17,P17_04
P19,P19_01
P19,P19_02
P19,P19_03
P19,P19_04
P20,P20_01
P20,P20_02
P20,P20_03
P20,P20_04
P21,P21_01
P21,P21_03
P21,P21_04
P22,P22_05
P22,P22_06
P22,P22_07
P22,P22_08
P22,P22_09
P22,P22_10
P22,P22_11
P22,P22_12
P22,P22_13
P22,P22_14
P22,P22_15
P22,P22_16
P22,P22_17
P23,P23_01
P23,P23_02
P23,P23_03
P23,P23_04
P24,P24_01
P24,P24_02
P24,P24_03
P24,P24_04
P24,P24_05
P24,P24_06
P24,P24_07
P24,P24_08
P25,P25_01
P25,P25_02
P25,P25_03
P25,P25_04
P25,P25_05
P25,P25_09
P25,P25_10
P25,P25_11
P25,P25_12
P26,P26_01
P26,P26_02
P26,P26_03
P26,P26_04
P26,P26_05
P26,P26_06
P26,P26_07
P26,P26_08
P26,P26_09
P26,P26_10
P26,P26_11
P26,P26_12
P26,P26_13
P26,P26_14
P26,P26_15
P26,P26_16
P26,P26_17
P26,P26_18
P26,P26_19
P26,P26_20
P26,P26_21
P26,P26_22
P26,P26_23
P26,P26_24
P26,P26_25
P26,P26_26
P26,P26_27
P26,P26_28
P26,P26_29
P27,P27_01
P27,P27_02
P27,P27_03
P27,P27_04
P27,P27_06
P27,P27_07
P28,P28_01
P28,P28_02
P28,P28_03
P28,P28_04
P28,P28_05
P28,P28_06
P28,P28_07
P28,P28_08
P28,P28_09
P28,P28_10
P28,P28_11
P28,P28_12
P28,P28_13
P28,P28_14
P29,P29_01
P29,P29_02
P29,P29_03
P29,P29_04
P30,P30_01
P30,P30_02
P30,P30_03
P30,P30_04
P30,P30_05
P30,P30_06
P30,P30_10
P30,P30_11
P31,P31_01
P31,P31_02
P31,P31_03
P31,P31_04
P31,P31_05
P31,P31_06
P31,P31_07
P31,P31_08
P31,P31_09
P31,P31_13
P31,P31_14
P01,P01_101
P01,P01_102
P01,P01_103
P01,P01_104
P01,P01_105
P01,P01_106
P01,P01_107
P01,P01_108
P01,P01_109
P02,P02_101
P02,P02_102
P02,P02_103
P02,P02_104
P02,P02_105
P02,P02_106
P02,P02_107
P02,P02_108
P02,P02_109
P02,P02_110
P02,P02_111
P02,P02_112
P02,P02_113
P02,P02_114
P02,P02_115
P02,P02_116
P02,P02_117
P02,P02_118
P02,P02_119
P02,P02_120
P02,P02_121
P02,P02_122
P02,P02_123
P02,P02_124
P02,P02_125
P02,P02_126
P02,P02_127
P02,P02_128
P02,P02_129
P02,P02_130
P02,P02_131
P02,P02_132
P02,P02_133
P02,P02_134
P02,P02_135
P02,P02_136
P02,P02_137
P03,P03_101
P03,P03_102
P03,P03_103
P03,P03_104
P03,P03_105
P03,P03_106
P03,P03_107
P03,P03_108
P03,P03_109
P03,P03_110
P03,P03_111
P03,P03_112
P03,P03_113
P03,P03_114
P03,P03_115
P03,P03_116
P03,P03_117
P03,P03_118
P03,P03_119
P03,P03_120
P03,P03_121
P03,P03_122
P03,P03_123
P04,P04_101
P04,P04_102
P04,P04_103
P04,P04_104
P04,P04_105
P04,P04_106
P04,P04_107
P04,P04_108
P04,P04_109
P04,P04_110
P04,P04_111
P04,P04_112
P04,P04_113
P04,P04_114
P04,P04_115
P04,P04_116
P04,P04_117
P04,P04_118
P04,P04_119
P04,P04_120
P04,P04_121
P04,P04_122
P04,P04_123
P06,P06_101
P06,P06_102
P06,P06_103
P06,P06_104
P06,P06_105
P06,P06_106
P06,P06_107
P06,P06_108
P06,P06_109
P06,P06_110
P06,P06_111
P06,P06_112
P06,P06_113
P07,P07_101
P07,P07_102
P07,P07_103
P07,P07_104
P07,P07_105
P07,P07_106
P07,P07_107
P07,P07_108
P07,P07_109
P07,P07_110
P07,P07_111
P07,P07_112
P07,P07_113
P07,P07_114
P07,P07_115
P07,P07_116
P07,P07_117
P09,P09_101
P09,P09_102
P09,P09_103
P09,P09_104
P09,P09_105
P09,P09_106
P11,P11_101
P11,P11_102
P11,P11_103
P11,P11_104
P11,P11_105
P11,P11_106
P11,P11_107
P11,P11_108
P11,P11_109
P12,P12_101
P12,P12_102
P12,P12_103
P12,P12_104
P12,P12_105
P22,P22_101
P22,P22_102
P22,P22_103
P22,P22_104
P22,P22_105
P22,P22_106
P22,P22_107
P22,P22_108
P22,P22_109
P22,P22_110
P22,P22_111
P22,P22_112
P22,P22_113
P22,P22_114
P22,P22_115
P22,P22_116
P22,P22_117
P23,P23_101
P23,P23_102
P23,P23_103
P25,P25_101
P25,P25_102
P25,P25_103
P25,P25_104
P25,P25_105
P25,P25_106
P25,P25_107
P26,P26_101
P26,P26_102
P26,P26_103
P26,P26_104
P26,P26_105
P26,P26_106
P26,P26_107
P26,P26_108
P26,P26_109
P26,P26_110
P26,P26_111
P26,P26_112
P26,P26_113
P26,P26_114
P26,P26_115
P26,P26_116
P26,P26_117
P26,P26_118
P26,P26_119
P26,P26_120
P26,P26_121
P26,P26_122
P26,P26_123
P26,P26_124
P27,P27_101
P27,P27_102
P27,P27_103
P27,P27_104
P27,P27_105
P28,P28_101
P28,P28_102
P28,P28_103
P28,P28_104
P28,P28_105
P28,P28_106
P28,P28_107
P28,P28_108
P28,P28_109
P28,P28_110
P28,P28_111
P28,P28_112
P28,P28_113
P28,P28_114
P28,P28_115
P28,P28_116
P28,P28_117
P28,P28_118
P30,P30_101
P30,P30_102
P30,P30_103
P30,P30_104
P30,P30_105
P30,P30_106
P30,P30_107
P30,P30_108
P30,P30_109
P30,P30_110
P30,P30_111
P30,P30_112
P30,P30_113
P30,P30_114
P33,P33_101
P33,P33_102
P33,P33_103
P33,P33_104
P33,P33_105
P33,P33_106
P33,P33_107
P33,P33_108
P33,P33_109
P33,P33_110
P33,P33_111
P34,P34_101
P34,P34_102
P34,P34_103
P34,P34_104
P34,P34_105
P34,P34_106
P34,P34_107
P34,P34_108
P34,P34_109
P34,P34_110
P34,P34_111
P34,P34_112
P34,P34_113
P35,P35_101
P35,P35_102
P35,P35_103
P35,P35_104
P35,P35_105
P35,P35_106
P35,P35_107
P35,P35_108
P35,P35_109
P36,P36_101
P36,P36_102
P37,P37_101
P37,P37_102
P37,P37_103
